{
  "/Users/daniel/Documents/Design/export[REBUILD]/5/1.3dm": {
    "Base": [
      [
        -150.23254118198955, 
        -162.49460344351144, 
        222.09413774412366
      ], 
      [
        6.13103113349073, 
        -6.131031131202441, 
        0.0
      ]
    ], 
    "5-d-1": [
      [
        -367.1579429610731, 
        -158.99714507175656, 
        533.38520236732575
      ], 
      [
        19.005894977019864, 
        -33.524908152778153, 
        -9.728737094074859
      ]
    ], 
    "5-d-2": [
      [
        -278.989903140257, 
        -191.30556143463818, 
        -598.06734109708327
      ], 
      [
        19.005894977019864, 
        -33.524908152778153, 
        -9.728737094074859
      ]
    ], 
    "5-d-3": [
      [
        -337.36988704796306, 
        78.1564922375591, 
        -575.73413459373421
      ], 
      [
        19.005894977019864, 
        -33.524908152778153, 
        -9.728737094074859
      ]
    ], 
    "5-d-4": [
      [
        -244.74923189826308, 
        497.80634952841308, 
        318.84221546220334
      ], 
      [
        19.005894977019864, 
        -33.524908152778153, 
        -9.728737094074859
      ]
    ], 
    "5-d-5": [
      [
        37.36780810254038, 
        -157.87154043516381, 
        -676.09147494202284
      ], 
      [
        19.005894977019864, 
        -33.524908152778153, 
        -9.728737094074859
      ]
    ], 
    "5-d-6": [
      [
        -115.8571720496152, 
        -137.00897916393069, 
        -666.19011707384266
      ], 
      [
        19.005894977019864, 
        -33.524908152778153, 
        -9.728737094074859
      ]
    ], 
    "5-d-7": [
      [
        85.222125131015716, 
        -171.0214241699482, 
        257.31229412416917
      ], 
      [
        -6.1785994385522685, 
        -2.682230691283877, 
        9.254310981232379
      ]
    ]
  }
}
